                  epoch,             train/loss,  metrics/accuracy_top1,  metrics/accuracy_top5,               val/loss,                 lr/pg0,                 lr/pg1,                 lr/pg2
                      1,                0.31506,                0.76633,                0.94736,                 3.3752,               0.068591,              0.0016531,              0.0016531
                      2,                0.30895,                0.76877,                0.94514,                 3.3744,               0.036915,              0.0033108,              0.0033108
                      3,                0.30731,                0.76921,                0.94669,                 3.3715,              0.0052035,              0.0049325,              0.0049325
                      4,                0.29843,                0.76855,                0.94536,                 3.3769,              0.0048789,              0.0048789,              0.0048789
                      5,                0.29346,                 0.7681,                0.94602,                 3.3728,               0.004786,               0.004786,               0.004786
                      6,                0.28799,                0.76899,                0.94536,                 3.3717,              0.0046684,              0.0046684,              0.0046684
                      7,                0.28205,                0.76788,                0.94225,                 3.3713,              0.0045273,              0.0045273,              0.0045273
                      8,                0.27965,                0.76433,                0.94447,                 3.3731,              0.0043643,              0.0043643,              0.0043643
